"Startup","Description","Founders","Country","Industry","Started in","Closed in","Employees","Funding Amount","Failure Cause"
"Auctionata","Auctionata was an online auction platform for art and luxury. Their issues originated from unethical behavior, lack of transparency, and lies by the CEO.","Alexander Gilkes, Alexander Zacke, Georg Untersalmberger, Susanne Zacke","Germany","e-Commerce","2012","2017","250-500","> $50M","Legal Challenges"
"Moped","Moped was a free social app. It had not enough entertaining and fast-growing content that could attract a broad mass of users. It closed after 16 years.","Schuyler Deerman","Germany","Social Media","1998","2014","10-50","$1M-$10M","No Market Need"
"ABBY","ABBY was a documentation service for A/B tests. To make such a service successful, Andy would have needed to educate the users, and that was not possible.","Andy Goldschmidt","Germany","Analytics","2015","2016","nan","$0","No Market Need"
"Flux","Flux was a modular multi messaging client. They raised a small angel round of 70K € and invested another 15K €. A combination of many issues led to their failure.","Jan Johannes","Germany","Software & Hardware","2011","2016","nan","< $100K","Bad Management"
"Gameslog","Gameslog was a gaming site monetized with affiliate marketing. But the site never took off, as the market was already saturated.","Michael Hebenstreit","Germany","Entertainment","2013","2014","nan","$0","Competition"
"Lieferoo","In 2014, Aazar, a Pakistani entrepreneur, decided to create an Uber for logistics and awkward items trying to solve a problem he and many other people were having: Bringing items from Pakistan to Germany. He soon validated the idea and built the product. But a combination of bad marketing and bad team fit led to their failure.","Aazar Shad","Germany","Transportation","2014","2016","nan","$0","Bad Marketing"
"Young Entrepreneurs' Program","Fabian founded Young Entrepreneurs Program, a one-year educational program for entrepreneurs aged 17 to 23. After 2 years and 150,000€ spent, they had 30,000€ in ARR and had to shut down due to no product-market fit.","Fabian Tausch","Germany","Education","2018","2020","nan","$0","Bad Market Fit"
"Dazo","Dazo was a food-tech startup based in Bangalore which emerged as a “food on demand” company. Fierce competition and lack of funding led to Dazo's failure.","Monica Rastogi, Shashaank Shekhar Singhal","India","Food & Beverage","2015","2016","10-50","No Data","Competition"
"Frankly","Frankly.me was a Q&A social platform that wasn’t able to raise the necessary round of funding. That is why the CEO of Frankly decided to shut it down.","Abhishek Gupta, Nikunj Jain","India","Social Media","2014","2016","50-100","< $1M","Lack of PMF"
"HotelsAroundYou","HotelsAroundYou was an India service centered on last-minute and short stay bookings. They weren't capable of raising more money and had to shut down.","Animesh Chaudhary, Harsha Nallur, Mohsin Dingankar","India","Travel","2013","2017","1-10","< $1M","Competition"
"Koinex","Koinex was a cryptocurrency exchange platform. India's laws got harsh against cryptocurrencies and the obstacles and little profits led to its shut down.","Aditya Naik, Rahul Raj, Rakesh Yadav","India","Finances","2017","2019","50-100","No Data","Legal Challenges"
"Lumos","Lumos provided the ultimate smart switching tech. After the shutdown, the founders recognized they were not the right team to build a hardware company.","Pritesh Sankhe, Tarkeshwar Singh, Yash Kotak","India","Software & Hardware","2014","2015","1-10","No Data","Lack of Experience"
"PepperTap","PepperTap provided a platform to buy and deliver groceries from local markets. Customers found delivery fees too expensive for their needs, and shut down.","Milind Sharma, Navneet Singh","India","Food & Beverage","2014","2016","1,000-5,000","> $50M","Poor Product"
"RoomsTonite","RoomsTonite was a last-minute hotel booking app for people traveling to India. They raised $1.5M in funding but the money didn't arrive and they shut down.","Suresh John","India","Travel","2014","2017","100-250","$1M-$10M","Lack of Funds"
"SchoolGennie","SchoolGennie provided solutions that saved time, reduced costs, and helped make better decisions on schools. But they didn’t test their product-market fit.","Amit Gupta, Pardeep Goyal","India","Education","2013","2014","1-10","$0","Lack of Experience"
"Stayzilla","Stayzilla, once a thriving homestay network with $33.5M in funding, closed due to unsustainable operational costs and consistent financial losses.","Rupal Yogendra, Sachit Singhi, Sachit Singhi, Yogendra Vasupal","India","Travel","2005","2017","250-500","$10M-$50M","Lack of Focus"
"Zoomo","Zoomo's goal was to build trust in the Indian used cars market. The buy-and-sell vehicle market was relatively young in India and decided to shut down.","Arnav Kumar, Himangshu Hazarika","India","Transportation","2014","2016","10-50","$1M-$10M","Bad Business Model"
"Adleaf Technologies","Back in 2013, Chetan Vashistth founded his first startup business called “Adleaf Technologies”, a blend of programming bootcamps and software solutions. Business was good for a while, but the challenge of multiple bad business decisions paired with failed money management proved to be the business’s demise. In this interview, we will talk about the lessons Chetan learned the hard way.","Chetan Vashistth","India","Education","2013","2014","nan","$0","Mismanagement of Funds"
"Autto.in","Autto.in was an on-demand doorstep car service provider, created by Deepak in 2017. Soon after launching, a co-founder joined him and they started marketing the startup, spending a lot of money in customer acquisition. As money burnt, they decided to reach investors, who put them pressure in growing fast. After some months, they decided to shut down.","Deepak Murthy","India","Transportation","2017","2017","nan","< $100K","Lack of Funds"
"FreshConnect","Tarun co-founded Freshconnect, an online B2B marketplace for fresh agricultural produce like fruits & vegetables. After making mistakes like lack of focus and bad hiring, they couldn't secure a funding round and eventually got acqui-hired by another company.","Tarun Gupta","India","e-Commerce","2018","2020","nan","$0","Bad Management"
"InoVVorX","InoVVorX was an app development company that both worked for clients and built their own projects. The business did it well for some time, having a team of 25 people, making $300k from their services, and raising $100k. However, their plans on working on their own products (too many of them) meant they started burning all the money and eventually had to shut down.","Maxim Dsouza","India","Software & Hardware","2010","2016","nan","$100K-$500K","Lack of Funds"
"Jobridge","Jasmeet is an Indian software engineer who a few years ago decided to build new revenue strategies for his business directory and decided to build a job board with a unique offline-online model. But their idea was too ahead to the time and, due to a bad business model, they had to shut down.","Jasmeet Singh","India","Software & Hardware","2017","2017","nan","$0","Bad Business Model"
"Mishra Motors","Mishra Motors was to be the premier electric sports bike in India. Time and capital were the causes of its collapse.","Naveen Mishra","India","Transportation","2014","2016","nan","$0","Lack of Funds"
"The Punjab Kitchen","Amit is a hard-core sales professional, who decided to set up a home-made food business with his wife. They started investing $1,200/month to set up the startup and get the first customers. However, once running they had to confront a big problem: the prices of their competitors were much lower. After some pivots, they decided to shut it down.","Amit Gogia","India","Food & Beverage","2014","2015","nan","$0","Competition"
"Take Eat Easy","TakeEatEasy enabled restaurants to provide a reliable delivery service for their customers. Their margins were insufficient and closed doors after 3 years.","Adrien Roose, Chloé Roose, Jean-Christophe Libbrecht, Karim Slaoui","Belgium","Food & Beverage","2013","2016","100-250","$10M-$50M","Competition"
"Hello Tyro","Pierre co-founded Hello Tyro, a platform matching students with internship opportunities in Belgian startups. They raised €250k and reached €4k MRR at their top but didn't find Product-Market Fit. They ran out of cash and filed for bankruptcy in 2020.","Pierre Tillement","Belgium","Software & Hardware","2017","2020","nan","$100K-$500K","No Market Need"
"Reality Hunt","Toby founded two projects that gave him lots of valuable lessons for his current Startup Mill projects. They were RealityHunt and ""I Voted Remain"". He learned to build a simple landing page before committing to building it and to build processes that simplify your way of working.","Toby Allen","Belgium","Software & Hardware","2016","2017","nan","$0","No Market Need"
"MyCity","Stepa co-founded MyCity, a tool for local authorities to build relationships with their residents. After realizing they had created a product for a non-existing market, they decided to shut it down.","Stepa Mitaki","Russia","Software & Hardware","2014","2016","nan","< $100K","No Market Need"
"Thepresence","Inspired by the iOS app Launchpad, Miloslav Voloskov started drafting ideas to what eventually was called Thepresence. This aimed to provide a more modern and unconventional take on website builders. But this venture got shut down even before it was able to take off. A mental illness shutting down a business that could have changed the drag-and-drop website builder game? It’s more likely than you think.","Miloslav Voloskov","Russia","Software & Hardware","2018","2018","nan","$0","Other"
"Toki","Vladimir was the founder of Toki, a one-stop solution to finding trends and analytics on TikTok. It started as a side-project, but after launching on Product Hunt, they realized they didn't have a deep connection with the problem they were tackling and lost motivation to keep going.","Vladimir Esaulov","Russia","Marketing","2020","2020","nan","$0","Lack of Experience"
"DotaHaven","Kyril is the founder of DotaHaven, a gaming content site that’s currently passing away. The website had early success, raising $90k, growing from 0 to 500k page views/mo in 6 months and making $3.5/mo at its peak. However, in the last months, the business has struggled to make enough money to keep running; over-investment in a non-validated concept is one of the reasons for their failure.","Kyril Kotashev","Bulgaria","Entertainment","2018","2020","nan","< $100K","Bad Market Fit"
"Kolos","In 2012, Ivo started a 3-year journey building a business that sold iPad racing wheels, which would suck up $50,000 in personal and investor funds. The hardware accelerator he went through wasn't able to help turn his business into a success, neither was the Kickstarter campaign successful. Learning from the experience, today Ivo runs $1M+ crowdfunding campaigns. Read below to learn about his journey.","Ivaylo Kalburdzhiev","Bulgaria","Software & Hardware","2012","2015","nan","< $100K","No Market Need"
"Swipes","With 2 partners, Stefan co-founded Swipes, a company that developed productivity tools. The startup went through all stages and experiences, even almost fundraising $1M. However, over the 6 years of running, they weren’t able to really find product-market fit and they eventually ran out of money.","Stefan Vladimirov","Bulgaria","Productivity","2013","2019","nan","< $100K","Bad Market Fit"
"Selltag","Selltag was a web-based buy & sell platform. The CEO realized their business model would not be sustainable in the long term and shut it down.","Javier Escribano, Ruben Colomer, Juan Luis Hortelano, Walter Kobylanski","Spain","e-Commerce","2014","2015","10-50","< $1M","Failure to Pivot"
"Hashtag Pirate","Nicolas is an IT support engineer who built Hashtag Pirate, an Instagram hashtag search engine. He hired a freelance developer and, once launched, he put a big focus on SEO. Things were going pretty well. However, in 2015 Instagram announced changes to its API and so Hashtag Pirates stopped working.","Nicolas Elec Attallah","Spain","Social Media","2015","2016","nan","$0","Dependence on Others"
"Lernin Games","Jordi Miró has been building products and companies since 2007. After a successful CTO experience in Wuaki TV, he founded Lernin Games, an EdTech startup focused on toddlers. He raised €1.5M and built a team of 10, but Lernin ran out of cash and the project couldn’t succeed.","Jordi Miró","Spain","Education","2017","2019","nan","$1M-$5M","Bad Business Model"
"Brisk","Brisk was a sales and marketing platform founded in 2012. They started to offer customization to paying customers, but this became costly in the long term.","Alfred Beckman, Andreas Pålsson, Hampus Jakobsson, Mikael Tellhed","Sweden","Marketing","2012","2016","10-50","< $1M","Lack of Focus"
"Brisk","Brisk was a prescriptive intelligence company which suffered from lack of focus. Being dependant on Salesforce was a fatal mistake.","Hampus Jakobsson","Sweden","Software & Hardware","2012","2016","nan","$1M-$5M","Lack of Focus"
"Lockpick Entertainment","Lockpick Entertainment was a small game studio, that created Dreamlords, a famous MMORTS game. They did it well, making thousands per month. But they began to increase the scope, and after 6 years, they went out of business due to bankruptcy.","Jesper Bylund","Sweden","Software & Hardware","2006","2012","nan","$0","Competition"
"Verelo","Verelo was a Canadian startup that offered web monitoring services from multiple locations. Not enough traction made the company shut down in 2012.","McGrath, Michael Curry","Canada","Analytics","2012","2012","1-10","No Data","Lack of Funds"
"Wattage","Wattage was a platform with an ambitious goal: to break the entry barrier for hardware design. They weren't able to validate market interest.","Brett Hagman, Jeremy Bell, Peter Nitsch","Canada","Software & Hardware","2014","2015","50-100","< $1M","No Market Need"
"Addressbin","Addressbin was an easy way to collect email addresses. Bad marketing and big competitors where the problems that dug its grave.","Adam Bard","Canada","Software & Hardware","2013","2018","nan","$0","Bad Marketing"
"Chowdy","Steve and his housemate were always complaining food was expensive in Toronto. So, they came with a solution: hire a chef for themselves and 20 friends. This simple idea quickly escalated into a business, that, within a few months, was making +$110,000 per month. But, as it went up fast, it also came down rapidly. The business was involved in some legal problems, which forced the founders to shut it down. Read Steve’s failure story and learn from his mistakes!","Steven Long","Canada","Food & Beverage","2014","2016","nan","$0","Legal Challenges"
"Community Coders","While in university, Kaito started Community Coders, a business that connected companies looking for web development and digital marketing services with high school students. However, as the months went over, it became difficult to close deals and the startup began to lose its course until they shut down.","Kaito Cunningham","Canada","Education","2018","2020","nan","$0","Bad Management"
"Gymlisted","Gymlisted was a website for finding the right private gym. Every day, Tom would go home from his day job and code up features for Gymlisted until midnight. Once launched, they started with their marketing efforts. But they soon realized there was pretty much no demand for what they were offering.","Tom Zaragoza","Canada","Software & Hardware","2017","2018","nan","$0","No Market Need"
"REPitchbook","Charlie Reese is a Canadian software developer who came with (what he thought it was) a revolutionary idea for a SaaS business in the real estate industry. Using his knowledge in JavaScript, React, and SQL, he built a prototype in 6 weeks. But he failed to validate his idea and shut down.","Charlie Reese","Canada","Software & Hardware","2017","2018","nan","$0","Poor Product"
"Team Voice","Team Voice was a SaaS platform for HR professionals. The problem they were trying to solve turned out to be a human problem, not a technology one.","Kirill Vechtomov","Canada","Software & Hardware","2015","2017","nan","$0","No Market Need"
"99dresses","99dresses was a fashion app that offered trades of second-hand designer dresses between users. It operated for a year but had to shut it down in 2014.","Nikki Durkin","Australia","e-Commerce","2010","2014","1-10","< $1M","Multiple Reasons"
"Totsy","Totsy was a flash sale company that offered high-end fashion brands online for a low-price. Flash sales lost their attractiveness and became obsolete.","Christophe Garnier, Guillaume Gauthereau","United States","e-Commerce","2009","2013","50-100","$10M-$50M","Poor Product"
"Zulily","Zulily was an online store selling clothing and other products. They declined in popularity because of their poor marketing and user-attention strategies.","Darrell Cavens, Mark Vadon","United States","e-Commerce","2009","Active","1,000-5,000","> $50M","Bad Marketing"
"Ropero","Ropero was an e-commerce aiming to sell t-shirts in an unprepared market. Many expenses and little earnings.","Rafael Soto","Mexico","e-Commerce","2005","2006","nan","$0","Bad Market Fit"
"Vivalatina","Nicolas started an e-Commerce that imported sterling silver jewelry from Mexico and resold it in France. His lack of knowledge on marketing made it impossible to him to achieve customers. After some big mistakes, he decided to shut it down and start re-thinking the business model. He is now making $7,200/Month.","Nicolas Tranchant","Mexico","e-Commerce","2012","2014","nan","$0","Bad Marketing"
"Kno","Kno introduced double paneled e-textbooks. Despite raising $80M, the company saw its chances of scaling up diminish once Apple introduced its iconic iPad.","Babur Habib, Osman Rashid","United States","Education","2009","2013","+10,000","> $50M","Competition"
"Rafter","Rafter was a course material provider for colleges. They had lots of competition and had to deal with logistical, financial, and market challenges.","Sara Leoni","United States","Education","2006","2016","50-100","> $50M","Competition"
"SchoolGennie","SchoolGennie provided solutions that saved time, reduced costs, and helped make better decisions on schools. But they didn’t test their product-market fit.","Amit Gupta, Pardeep Goyal","India","Education","2013","2014","1-10","$0","Lack of Experience"
"Tutorspree","Tutorspree wanted to enhance tutoring. Their vision of pairing up tutors and students to meet up in person was not practical, which made it shut down.","Aaron Harris, Josh Abrams, Ryan Bednar","United States","Education","2010","2013","50-100","$1M-$10M","Bad Marketing"
"Adleaf Technologies","Back in 2013, Chetan Vashistth founded his first startup business called “Adleaf Technologies”, a blend of programming bootcamps and software solutions. Business was good for a while, but the challenge of multiple bad business decisions paired with failed money management proved to be the business’s demise. In this interview, we will talk about the lessons Chetan learned the hard way.","Chetan Vashistth","India","Education","2013","2014","nan","$0","Mismanagement of Funds"
"Community Coders","While in university, Kaito started Community Coders, a business that connected companies looking for web development and digital marketing services with high school students. However, as the months went over, it became difficult to close deals and the startup began to lose its course until they shut down.","Kaito Cunningham","Canada","Education","2018","2020","nan","$0","Bad Management"
"DotaHaven","Kyril is the founder of DotaHaven, a gaming content site that’s currently passing away. The website had early success, raising $90k, growing from 0 to 500k page views/mo in 6 months and making $3.5/mo at its peak. However, in the last months, the business has struggled to make enough money to keep running; over-investment in a non-validated concept is one of the reasons for their failure.","Kyril Kotashev","Bulgaria","Entertainment","2018","2020","nan","< $100K","Bad Market Fit"
"Formatically","Duncan Hamra has been building businesses with his best friend Tyler since they were in high school. They built Formatically, an instant citation tool that didn't take off. We'll discuss what went wrong with this project, and how those learnings helped him start Memberstack.","Duncan Hamra","United States","Education","2014","2018","nan","$0","Bad Business Model"
"KnowNet","KnowNet was a tutoring platform. A SWOT analysis saved Rik and Ari from lifting their name into the failure hall of fame.","Rik Ganguly","United States","Education","2014","2014","nan","$0","Competition"
"Lernin Games","Jordi Miró has been building products and companies since 2007. After a successful CTO experience in Wuaki TV, he founded Lernin Games, an EdTech startup focused on toddlers. He raised €1.5M and built a team of 10, but Lernin ran out of cash and the project couldn’t succeed.","Jordi Miró","Spain","Education","2017","2019","nan","$1M-$5M","Bad Business Model"
"NewCo","If you are interested in the no-code movement, you’ve probably heard Ben Tossell’s name. But today we’re not here to talk about Makerpad, one of the leading communities for no-coders, but about Ben’s previous project: NewCo. We want to know what went wrong, what were the lessons learned, and how it led to his success afterward.","Ben Tossell","United Kingdom","Education","2018","2018","nan","$0","Lack of Focus"
"Pactero","Wes founded Pactero, a platform to simplify the process of managing income share agreements. He confused the initial launch hype with market validation, but it was vanity. The business made around $180 total after spending $55k.","Wes Wagner","United States","Education","2020","2021","nan","$100K-$500K","No Market Need"
"Teacher Finder","Andrew Davison is one of the automation kings. He is a Zapier Certified Expert and an Integromat Partner running Luhhu, a business automation agency. Before that, he built Teacher Finder, a marketplace for language teachers. It didn’t take off, but using Zapier each day helped him start his agency.","Andrew Davison","Hungary","Education","2015","2020","nan","$0","Competition"
"The Blogging Manifesto","The Blogging Manifesto was a blog to help readers with their blogging problems. The lack of passion resulted to be a big problem.","Ryan Biddulph","United States","Education","2015","2016","nan","$0","Lack of Focus"
"Young Entrepreneurs' Program","Fabian founded Young Entrepreneurs Program, a one-year educational program for entrepreneurs aged 17 to 23. After 2 years and 150,000€ spent, they had 30,000€ in ARR and had to shut down due to no product-market fit.","Fabian Tausch","Germany","Education","2018","2020","nan","$0","Bad Market Fit"
"Anki","Anki aimed to intergrate robotics and IoT with kids' toys and games but shut down in April 2019 after failure to raise funding.","Boris Sofman, Hanns Tappeiner, Mark Palatucci","United States","Software & Hardware","2010","2019","100-250","> $50M","Lack of Funds"
"Aria Insights","Aria Insights developed highly advanced drones. After some pivots, the company couldn't find out the correct business model and had to shut down.","Helen Greiner","United States","Software & Hardware","2008","2019","10-50","$10M-$50M","Multiple Reasons"
"Lumos","Lumos provided the ultimate smart switching tech. After the shutdown, the founders recognized they were not the right team to build a hardware company.","Pritesh Sankhe, Tarkeshwar Singh, Yash Kotak","India","Software & Hardware","2014","2015","1-10","No Data","Lack of Experience"
"Salorix","Salorix offered an engagement platform for brands. It closed down because of its inability to raise money after its investors stopped supporting it.","Santanu Bhattacharya","United States","Analytics","2009","2014","10-50","$1M-$10M","Bad Management"
"Seven Dreamers Laboratories","Seven Dreamers Laboratory built a robot that washed, ironed and folded laundry. However, their product was expensive and couldn't match human's dexterity.","Shin Sakane","Japan","Software & Hardware","2014","2019","100-250","> $50M","Poor Product"
"Utrip","Utrip was a travel planning startup that used AI to create personalized itineraries. Keeping the recommendation engine alive was too much for them.","Gilad Berenstein, Yair Berenstein","United States","Travel","2012","2019","10-50","$1M-$10M","Mismanagement of Funds"
"Ansaro","Sam was one of the co-founders of Ansaro, a SaaS that aimed to revolutionize the recruiting industry through the use of technologies like AI. They raised $2.25M from institutional investors and $750K from friends and family, grew the team to 6 members and earned in total $100k. But with expenses of $70k/month and no product-market fit, they had to shut down 2 years later.","Sam Stone","United States","Software & Hardware","2016","2018","nan","$1M-$5M","Bad Market Fit"
"Alikolo","Alikolo was an eMarketplace company. The founder didn't have a clear vision and didn't know the reasons why customers purchased at his rivals.","Danny Taniwan","Indonesia","e-Commerce","2014","2015","1-10","< $1M","Lack of Experience"
"Appiterate","Appiterate was a mobile marketing company that was acquired by Flipkart, India’s largest e-commerce company. It was closed 2 years after launching.","Anuj Bhargava, Mayank Kumar, Tanuj Mendiratta, Varun Sharma","United States","Marketing","2013","2015","1-10","< $1M","Acquisition Flu"
"ArsDigita","ArsDigita was a Web Development Company established in 1997. Their decline was ascribed to an inexperienced external CEO and had to shut down in 2001.","Philip Greenspun, Tracy Adams, Ben Adida, Eve Andersson, Olin Shivers, Aurelius Prochazka, Jin Choi","United States","e-Commerce","1997","2002","50-100","$10M-$50M","Lack of Experience"
"Auctionata","Auctionata was an online auction platform for art and luxury. Their issues originated from unethical behavior, lack of transparency, and lies by the CEO.","Alexander Gilkes, Alexander Zacke, Georg Untersalmberger, Susanne Zacke","Germany","e-Commerce","2012","2017","250-500","> $50M","Legal Challenges"
"Fab","Fab was an e-commerce company focused on daily design inspiration. Its success resulted in companies launching their same exact replicas of Fab’s platform.","Bradford Shane Shellhammer, Deepa Shah, Jason Goldberg, Nishith Shah, Sunil Khedar","United States","e-Commerce","2009","2013","500-1,000","> $50M","Multiple Reasons"
"HitMeUp","HitMeUp was a web-based business commercial center. The founder had no tech background, and after launching 3 versions, they decided to shut down.","Charlie Pool","United Kingdom","e-Commerce","2011","2015","1-10","< $1M","Lack of Experience"
"Juicero","Juicero was a juice company that packed fresh organic fruits. They claimed their juicer was innovative, until customers found out the machine was useless.","Doug Evans","United States","Food & Beverage","2013","2017","100-250","> $50M","Bad Business Model"
"Laurel & Wolf","Laurel & Wolf was a marketplace for interior design solutions. They shut down due to large spendings on marketing and a bad reputation among customers.","Brandon Kleinman, Leura Fine","United States","e-Commerce","2014","Active","50-100","$10M-$50M","Multiple Reasons"
"Move Loot","Move Loot was an online resale marketplace for furniture. They decided to have a furniture stockroom without thinking about the expenses of running it.","Bill Bobbitt, Jenny Karin Morrill, Ryan Smith, Shruti Shah","United States","e-Commerce","2013","2016","50-100","$10M-$50M","Bad Business Model"
"Reach.ly","Reach.ly was an analytics tool for e-commerce sites providing customer behavior patterns. Lack of proper market feedback made the company shut down.","Ernests Štāls","Latvia","Analytics","2011","2015","1-10","< $1M","Multiple Reasons"
"Selltag","Selltag was a web-based buy & sell platform. The CEO realized their business model would not be sustainable in the long term and shut it down.","Javier Escribano, Ruben Colomer, Juan Luis Hortelano, Walter Kobylanski","Spain","e-Commerce","2014","2015","10-50","< $1M","Failure to Pivot"
"Shipbeat","Shipbeat was an API to help e-commerces. When Shipbeat expanded its logistic services in other market areas, they had some big difficulties and shut down.","Joachim Rørbøl, Kenneth Svenningse","Denmark","e-Commerce","2014","2016","10-50","$1M-$10M","Multiple Reasons"
"SpoonRocket","SpoonRocket was a food delivery service making healthy meals each day. When their financial situation declined, they failed to fundraise to stay afloat.","Anson Tsui, Steven Hsiao","United States","Food & Beverage","2013","2016","10-50","$10M-$50M","Competition"
"Totsy","Totsy was a flash sale company that offered high-end fashion brands online for a low-price. Flash sales lost their attractiveness and became obsolete.","Christophe Garnier, Guillaume Gauthereau","United States","e-Commerce","2009","2013","50-100","$10M-$50M","Poor Product"
"Wantful","Wantful was an e-Commerce founded in 2011. After experiencing exponential growth, it shut down in 2013 due to stiff competition from other companies.","John Poisson","United States","e-Commerce","2011","2013","+10,000","$1M-$10M","Competition"
"Zulily","Zulily was an online store selling clothing and other products. They declined in popularity because of their poor marketing and user-attention strategies.","Darrell Cavens, Mark Vadon","United States","e-Commerce","2009","Active","1,000-5,000","> $50M","Bad Marketing"
"140 Canvas","After dropping out of university, Harry went back home and found a gift: a fake big tweet from Federer. That’s when he came with a business idea: fake tweets printed and sold for £30. He partnered with a friend and launched the project within 2 months. However, after a Youtube’s influencer campaign, the site got 17,000 visitors and only 20 sales. That’s when they realized not so many people were interested in their product...","Harry Dry","United Kingdom","e-Commerce","2017","2018","nan","$0","No Market Need"
"Chowdy","Steve and his housemate were always complaining food was expensive in Toronto. So, they came with a solution: hire a chef for themselves and 20 friends. This simple idea quickly escalated into a business, that, within a few months, was making +$110,000 per month. But, as it went up fast, it also came down rapidly. The business was involved in some legal problems, which forced the founders to shut it down. Read Steve’s failure story and learn from his mistakes!","Steven Long","Canada","Food & Beverage","2014","2016","nan","$0","Legal Challenges"
"FreshConnect","Tarun co-founded Freshconnect, an online B2B marketplace for fresh agricultural produce like fruits & vegetables. After making mistakes like lack of focus and bad hiring, they couldn't secure a funding round and eventually got acqui-hired by another company.","Tarun Gupta","India","e-Commerce","2018","2020","nan","$0","Bad Management"
"Howell Market","Howell Market was an online store where individual sellers could go to sell their products. Cody, the founder, partnered with his family and friends, but things didn’t work out as his partners weren’t passionate about the vision of the company.","Cody Howell","United States","e-Commerce","2017","2017","nan","$0","Bad Management"
"Mongoose Cricket","In 2009, Thomas Evans began working alongside Marcus, the creator of a radical new cricket bat named the Mongoose. After spending over $130,000 on glitzy marketing, and failing to break through the heavily traditional cricket market, they were forced to shut down.","Thomas Evans","United Kingdom","e-Commerce","2009","2011","nan","$100K-$500K","Bad Marketing"
"NE Lounge","Following his objective of reaching $10k/month from his online businesses, Jake launched NE Lounge, an Amazon FBA store selling inflatable products. 1 year and $16,000 later, the startup shut down. Choosing the wrong product in an unfamiliar niche is the cause to blame.","Jake Lang","United States","e-Commerce","2017","2018","nan","$0","No Market Need"
"NOX","Jeremiah is an ex-entrepreneur who co-founded NOX, a nightlife app that allowed users to book events, services, and VIPs. The 5-person-team raised $90,000 from several angel investors but had to pivot into an e-commerce platform for alcoholic beverages, which was eventually making $20,000/month. However, the lack of both financial discipline and ideas to scale led to its failure.","Jeremiah Lam","Singapore","e-Commerce","2015","2018","nan","< $100K","Mismanagement of Funds"
"Okami Pack","Tim is a 32-years-old entrepreneur who in 2014 spent 10 months working on a Kickstarter project that would never launch: the Okami Pack. He quit his job to follow his dream of creating this survival pack, but as the months went over, he started running out of cash and saw himself forced to shut the startup down.","Tim Chard","United States","e-Commerce","2014","2015","nan","$0","Lack of Funds"
"Reality Hunt","Toby founded two projects that gave him lots of valuable lessons for his current Startup Mill projects. They were RealityHunt and ""I Voted Remain"". He learned to build a simple landing page before committing to building it and to build processes that simplify your way of working.","Toby Allen","Belgium","Software & Hardware","2016","2017","nan","$0","No Market Need"
"Ropero","Ropero was an e-commerce aiming to sell t-shirts in an unprepared market. Many expenses and little earnings.","Rafael Soto","Mexico","e-Commerce","2005","2006","nan","$0","Bad Market Fit"
"The Punjab Kitchen","Amit is a hard-core sales professional, who decided to set up a home-made food business with his wife. They started investing $1,200/month to set up the startup and get the first customers. However, once running they had to confront a big problem: the prices of their competitors were much lower. After some pivots, they decided to shut it down.","Amit Gogia","India","Food & Beverage","2014","2015","nan","$0","Competition"
"ToyGaroo","Toygaroo was the Netflix of toys. Funded by a great group of people based in Los Angeles, the company appeared on Shark Tank asking $100k for a 10% stake. They ended up raising $250K in 2 funding rounds, but after some months, they had to shut down the company. Inventory and logistical costs were too high, so capital rapidly disappeared.","Phil Smy","United States","e-Commerce","2010","2012","nan","$100K-$500K","Bad Business Model"
"Vivalatina","Nicolas started an e-Commerce that imported sterling silver jewelry from Mexico and resold it in France. His lack of knowledge on marketing made it impossible to him to achieve customers. After some big mistakes, he decided to shut it down and start re-thinking the business model. He is now making $7,200/Month.","Nicolas Tranchant","Mexico","e-Commerce","2012","2014","nan","$0","Bad Marketing"
"VO2 Sportswear","After realizing no triathlon clothing brand was properly catering to the market from a design point of view, Matthew decided to do it himself and started VO2 Sportwear. Through social media, sponsorships, and SEO, the business made £250k its third year, but then failed to manage their cash flow and had to shut down.","Matthew Tomkin","United Kingdom","e-Commerce","2012","2016","nan","< $100K","Lack of Funds"
"Zor Technology","When he was 16 years old, Mat wanted to help his family improve the standards of living. So, he started a business which imported consumer electronics and re-sold them at almost x10 the original price. Through affiliates, he was able to put his business on the track to 6 figures in the first year. However, one day he received a call from a law firm which forced him to shut down the startup.","Mathew Carpenter","Australia","Software & Hardware","2008","2009","nan","$0","Legal Challenges"
"37Coins","37Coins developed a new Bitcoin platform. In 2014, they announced that providing Bitcoin transfer across different regions proved to be impossible.","Johann Barbie, Jonathan Zobro, Songyi Lee","United States","Finances","2014","2015","1-10","< $1M","Lack of Funds"
"Koinex","Koinex was a cryptocurrency exchange platform. India's laws got harsh against cryptocurrencies and the obstacles and little profits led to its shut down.","Aditya Naik, Rahul Raj, Rakesh Yadav","India","Finances","2017","2019","50-100","No Data","Legal Challenges"
"Phez","Shanti is a 38-year-old software developer and entrepreneur who, using Ruby on Rails, built Phez, a Reddit clone that rewarded users with Bitcoin. After a few months, however, Phez failed due to its poor business model. If Shanti would have sold the BTC he used as rewards at BTC peak, he would have made $29,014!","Shanti Braford","United States","Social Media","2015","2016","nan","$0","Bad Business Model"
"Dazo","Dazo was a food-tech startup based in Bangalore which emerged as a “food on demand” company. Fierce competition and lack of funding led to Dazo's failure.","Monica Rastogi, Shashaank Shekhar Singhal","India","Food & Beverage","2015","2016","10-50","No Data","Competition"
"Dinner Lab","Dinner Lab offered a culinary experience with a group of strangers in an unusual place. They faced several problems, including the diner's timing.","Brian Bordainick, Francisco Robert, Zach Kupperman","United States","Food & Beverage","2011","2016","10-50","$1M-$10M","Bad Business Model"
"Dinnr","Dinnr allowed to select a recipe and order pre-measured ingredients accompanied with instructions. However, there wasn’t a market need for the business.","Adil Mohammed, Michal Bohanes","United Kingdom","Food & Beverage","2012","2014","1-10","< $1M","No Market Need"
"Juicero","Juicero was a juice company that packed fresh organic fruits. They claimed their juicer was innovative, until customers found out the machine was useless.","Doug Evans","United States","Food & Beverage","2013","2017","100-250","> $50M","Bad Business Model"
"Kitchit","Kitchit brought local chefs to your home. They had to compete with other big food providers in the same market, which provoked their failure.","Brendan Marshall, Ian Ferguson","United States","Food & Beverage","2011","2016","10-50","$1M-$10M","Competition"
"Maple","Maple prepared and delivered meals in NY. They were losing money on each meal and it only began making a profit from 2016, just before they shut down.","Akshay Navle, Caleb Merkl","United States","Food & Beverage","2014","2017","100-250","$10M-$50M","Bad Business Model"
"Munchery","Munchery allowed users to order gourmet food. However, they couldn't deliver the experience that it promised and build a profitable business model.","Conrad Chu, Tri Tran, Van Tran","United States","Food & Beverage","2011","2019","100-250","> $50M","Multiple Reasons"
"PepperTap","PepperTap provided a platform to buy and deliver groceries from local markets. Customers found delivery fees too expensive for their needs, and shut down.","Milind Sharma, Navneet Singh","India","Food & Beverage","2014","2016","1,000-5,000","> $50M","Poor Product"
"SpoonRocket","SpoonRocket was a food delivery service making healthy meals each day. When their financial situation declined, they failed to fundraise to stay afloat.","Anson Tsui, Steven Hsiao","United States","Food & Beverage","2013","2016","10-50","$10M-$50M","Competition"
"Sprig","Sprig delivered meals to customers who were looking for healthy choices. Sprig found the process time-consuming and expensive, and decided to shut down.","Gagan Biyani, Matt Kent, Morgan Springer, Neeraj Berry","United States","Food & Beverage","2013","2017","50-100","> $50M","Competition"
"Take Eat Easy","TakeEatEasy enabled restaurants to provide a reliable delivery service for their customers. Their margins were insufficient and closed doors after 3 years.","Adrien Roose, Chloé Roose, Jean-Christophe Libbrecht, Karim Slaoui","Belgium","Food & Beverage","2013","2016","100-250","$10M-$50M","Competition"
"Teforia","Teforia was a tea brewer that yielded the perfect cup of tea by combining tradition with smart technology. It had an absence of market fit and shut down.","Allen Han, Kris Efland","United States","Food & Beverage","2014","2017","10-50","$10M-$50M","No Market Need"
"Botnim","Botnim was a web application that provided near dishes and their nutritional values. Read now the story of the 2 co-founders with a failed startup.","Shaked Klein Orbach & Gilad Peled","Israel","Food & Beverage","2017","2017","nan","$0","Bad Market Fit"
"Chowdy","Steve and his housemate were always complaining food was expensive in Toronto. So, they came with a solution: hire a chef for themselves and 20 friends. This simple idea quickly escalated into a business, that, within a few months, was making +$110,000 per month. But, as it went up fast, it also came down rapidly. The business was involved in some legal problems, which forced the founders to shut it down. Read Steve’s failure story and learn from his mistakes!","Steven Long","Canada","Food & Beverage","2014","2016","nan","$0","Legal Challenges"
"Juice Startup","Wit Sumathavanit has recently started to pivot from offline to online entrepreneurship. But before that, he tried to build a juice business in Bangkok. He lost around $3,000 but those learnings impacted his process to validate new ideas.","Wit Sumathavanit","Thailand","Food & Beverage","2020","2020","nan","$0","No Market Need"
"Melon","Kevin was the founder of Melon, a food delivery startup aimed at being more cost-effective. Melon’s unique approach was quickly validated through an MVP and in just two months, the business grew to $10k/mo and 500 users. However, they realized becoming profitable would be hard and decided to discontinue the service.","Kevin Wang","United States","Food & Beverage","2019","2020","nan","$0","Lack of Experience"
"HitMeUp","HitMeUp was a web-based business commercial center. The founder had no tech background, and after launching 3 versions, they decided to shut down.","Charlie Pool","United Kingdom","e-Commerce","2011","2015","1-10","< $1M","Lack of Experience"
"Lookery","Lookery gave statistics showcasing services that empowered organizations. It was based on Facebook platform, and after the redesign, they had to shut down.","David Cancel, Rex Dixon, Todd Sawicki","United States","Marketing","2007","2009","1-10","$1M-$10M","Dependence on Others"
"PostRocket","PostRocket was a Facebook marketing platform co-founded in October 2010. Many technical issues and depending on FB affected the quality of their service.","Murry Ivanoff, Tim Chae","United States","Analytics","2010","2013","1-10","< $1M","Poor Product"
"Totsy","Totsy was a flash sale company that offered high-end fashion brands online for a low-price. Flash sales lost their attractiveness and became obsolete.","Christophe Garnier, Guillaume Gauthereau","United States","e-Commerce","2009","2013","50-100","$10M-$50M","Poor Product"
"BeehiveID","BeehiveID was a startup on the dating market, that identified online accounts created for fraudulent use. Techstars and RightSide Capital decided to invest $70K on their business. However, after some months BeehiveID closed their doors. Being too dependent on Facebook data killed their startup.","Mary Haskett","United States","Software & Hardware","2013","2015","nan","< $100K","Dependence on Others"
"Brisk","Brisk was a prescriptive intelligence company which suffered from lack of focus. Being dependant on Salesforce was a fatal mistake.","Hampus Jakobsson","Sweden","Software & Hardware","2012","2016","nan","$1M-$5M","Lack of Focus"
"Creator Growth Lab","Andrew Kamphey has started several projects related to creators and influencer marketing. One of them was Creator Growth Lab, a tool to help Instagram creators grow by themselves. He invested $5,000, never made a penny, and realized there was no need for that product.","Andrew Kamphey","Indonesia","Analytics","2018","2019","nan","$0","Dependence on Others"
"Hashtag Pirate","Nicolas is an IT support engineer who built Hashtag Pirate, an Instagram hashtag search engine. He hired a freelance developer and, once launched, he put a big focus on SEO. Things were going pretty well. However, in 2015 Instagram announced changes to its API and so Hashtag Pirates stopped working.","Nicolas Elec Attallah","Spain","Social Media","2015","2016","nan","$0","Dependence on Others"
"Kopely","After a decade of training and coaching, Andrew realized that stress was one of their clients’ main issues. That’s how he thought about creating a stress relief app. He partnered up with a dev company to build his idea while he took care of marketing. In few months, he got a great list of interested people, but COVID-19 changed things… the devs were no longer interested in building the app.","Andrew Laux","United States","Health","2019","2020","nan","$0","Dependence on Others"
"Sharkius","Sharkius was a social games company. It grew too fast, too quickly. It reached $80k/month revenue within months and wasted it. Learn from their mistakes!","David Kramaley","United Kingdom","Entertainment","2007","2012","nan","$0","Bad Marketing"
"Taleship","Sergio Mattei is an 18-year-old entrepreneur who built Taleship, a social writing application. He developed it himself when he was 16 and participated in a startup competition. Unfortunately, he didn’t win, but was able to get a lot of experience and knowledge that allowed him to grow it to +600 users. Hurricane Maria demotivated Sergio, who finally decided to shut down Taleship.","Sergio Mattei Diaz","Puerto Rico","Social Media","2016","2016","nan","$0","Lack of Focus"
"Circa","Circa had the mission of ‘fixing’ what was wrong with journalism. They suffered a financial breakdown and were copied by giants in the news sector.","Arsenio Santos, Ben Huh, Matt Galligan","United States","Entertainment","2011","2015","10-50","$1M-$10M","Lack of Funds"
"Delicious","Delicious was a pioneer in social bookmarking tools until it was overtaken by rivals and ultimately acquired by Pinboard at a reduced price.","Joshua Schachter","United States","Productivity","2003","2017","50-100","No Data","Acquisition Flu"
"Flud","Flud was a social news reader platform. They were unable to raise additional funding for their operations and eventually ran out of cash.","Bobby Ghoshal, Matthew Ausonio","United States","Productivity","2010","2013","10-50","$1M-$10M","Multiple Reasons"
"Kiko","Kiko was a calendar app offering API integrations with other tools. The team worked on various ideas and plans at the same time, which led to its failure.","Emmett Shear, Justin Kan","United States","Productivity","2003","2008","10-50","< $1M","Bad Management"
"Mailbox","Mailbox made your inbox more manageable and efficient. They didn't find a way to monetize the app. After being acquired by Dropbox, Mailbox shut down.","Gentry Underwood, Scott Cannon","United States","Productivity","2011","2015","500-1,000","$1M-$10M","Bad Business Model"
"Netscape","Netscape was one of the most significant internet applications in history. Despite its early success, they couldn't beat Microsoft's Internet Explorer.","James Clark, Jon Mittelhauser, Marc Andreessen","United States","Productivity","1994","2008","5,000-10,000","No Data","Poor Product"
"Sip","Sip was made by ProductHunt. It covered news in the tech industry in a bite-size format. Due to no market need and lack of focus, PH shut it down.","Ryan Hoover, Nick Abouzeid, Chad Whitaker","United States","Productivity","2018","2019","1-10","$0","Multiple Reasons"
"Springpad","Springpad was designed to empower users to clip, organize, and interpret all types of web content. The company failed to develop a monetization strategy.","Jason Horman","United States","Productivity","2008","2014","10-50","$1M-$10M","Lack of Focus"
"Sunrise","Sunrise was a calendar app for mobile and desktop. They had good reviews from users, but calendars are hard to monetize and they have a low entry barrier.","Jeremy Le Van, Pierre Valade","France","Productivity","2012","2016","10-50","$1M-$10M","Bad Business Model"
"Transpose","Transpose was a comprehensive information management platform. Operated for two years before shutting down due to the inability to generate enough revenue.","Hussein Ahmed, Matt Goyer, Samah Gad, Skyler Johnson-Wagner","United States","Productivity","2015","2015","10-50","$1M-$10M","Bad Business Model"
"Formatically","Duncan Hamra has been building businesses with his best friend Tyler since they were in high school. They built Formatically, an instant citation tool that didn't take off. We'll discuss what went wrong with this project, and how those learnings helped him start Memberstack.","Duncan Hamra","United States","Education","2014","2018","nan","$0","Bad Business Model"
"Habitual","Holger Sindbaek is the founder of Habitual, a habit-tracking app that was initially created since Holger could not find an app that could suit his habit-tracking needs after reading Atomic Habits book. With other successful apps under his belt like a Solitaire card game played by 3M people per month, it seems like he has the knack of making startups fly. So what went wrong with Habitual? Discover it in this interview.","Holger Sindbaek","Denmark","Productivity","2019","2021","nan","$0","Bad Marketing"
"MotionThink","After moving to SF, Andrew joined a startup accelerator that included a co-founder dating phase. There, he met some co-founders with whom he built MotionThink, a startup that built productivity tools for freelancers. Some months and +$100,000 after, the startup was shut down. Learn what went wrong!","Andrew Chen","United States","Productivity","2011","2012","nan","$100K-$500K","Bad Management"
"openmargin","Marc co-founded *openmargin, a social e-reader app that turned books into small communities. Being too early in the market, having huge competitors like Amazon, and not shipping fast enough were three of the reasons for the startup’s failure.","Marc Köhlbrugge","Netherlands","Productivity","2009","2014","nan","$100K-$500K","Lack of Focus"
"Patron.ai","Ömer launched patron.ai, a gamification platform for developer teams. After promoting it on Twitter and Product Hunt without getting much traction, he decided to shut down the project. That decision was mainly due to a lack of product-market fit and not talking enough to users that signed up.","Ömer Taban","Turkey","Productivity","2018","2020","nan","< $100K","Bad Market Fit"
"Swipes","With 2 partners, Stefan co-founded Swipes, a company that developed productivity tools. The startup went through all stages and experiences, even almost fundraising $1M. However, over the 6 years of running, they weren’t able to really find product-market fit and they eventually ran out of money.","Stefan Vladimirov","Bulgaria","Productivity","2013","2019","nan","< $100K","Bad Market Fit"
"Teamometer","When reading the Lean Startup book, Sergio came up with an idea he wanted to validate: a SaaS to help teams to perform at a higher level. The validation was done successfully, but since then, mistakes related to technology, founding team and listening to customers, meant its shut down 2 years later.","Sergio Schüler","Brazil","Software & Hardware","2012","2013","nan","$0","No Market Need"
"Call9","Call9 was a health startup targeted at patients who needed to speak with a doctor. The founder's inability to achieve growth, led to its shut down in 2019.","Celina Tenev, Timothy Peck, XiaoSong Mu","United States","Health","2015","2019","100-250","$10M-$50M","Bad Business Model"
"Sprig","Sprig delivered meals to customers who were looking for healthy choices. Sprig found the process time-consuming and expensive, and decided to shut down.","Gagan Biyani, Matt Kent, Morgan Springer, Neeraj Berry","United States","Food & Beverage","2013","2017","50-100","> $50M","Competition"
"Theranos","Theranos was a way to predict diseases with small blood samples. They raised $1.4B but legal investigations pointed out it was a fraud and shut down.","Elizabeth Holmes","United States","Health","2003","2018","10-50","> $50M","Legal Challenges"
"BusyMind","BusyMind was a simple app that guided people through basic breathing and observation exercises. Lack of time destroyed the startup.","Kevin Lamping","United States","Health","2014","2014","nan","$0","Lack of Focus"
"Juice Startup","Wit Sumathavanit has recently started to pivot from offline to online entrepreneurship. But before that, he tried to build a juice business in Bangkok. He lost around $3,000 but those learnings impacted his process to validate new ideas.","Wit Sumathavanit","Thailand","Food & Beverage","2020","2020","nan","$0","No Market Need"
"Kopely","After a decade of training and coaching, Andrew realized that stress was one of their clients’ main issues. That’s how he thought about creating a stress relief app. He partnered up with a dev company to build his idea while he took care of marketing. In few months, he got a great list of interested people, but COVID-19 changed things… the devs were no longer interested in building the app.","Andrew Laux","United States","Health","2019","2020","nan","$0","Dependence on Others"
"Raw Gains","Jack Ellis quit his full-time job to pursue Raw Gains, a fitness app focused on bodybuilding & coaching. It was self-funded and worked alone on the project. After a meaningless launch, he expected people would “just turn up” and stopped working on it.","Jack Ellis","United Kingdom","Health","2013","2018","nan","$0","Lack of Experience"
"Refolo","Lola founded Refolo, a meal-planning app focused on plant-based eating. After spending 2 years selling a solution for a problem that people weren't already investing money in, she decided to shut it down looking for other opportunities.","Lola Ojabowale","United States","Health","2018","2020","nan","$0","Bad Market Fit"
"Sofetch","Talking with her manicurist, Margaret got to know some of the common challenges beauty service providers faced in Armenia. Her startup Sofetch aimed to solve some of these. She hired a developer to build it and as she was beginning to prepare the launch, COVID happened and the beauty industry was disrupted. She tried pivoting, but nothing worked so she decided to move on to a new startup idea.","Margaret Rostamian","Armenia","Health","2019","2020","nan","< $100K","Failure to Pivot"
"Tandem","Tandem was a live streaming platform for fitness. Cause of failure? Live fitness isn't that engaging. Influencers were reluctant to adopt a new platform.","Nick Raushenbush","United States","Health","2016","2016","nan","$0","Bad Market Fit"
"Tandem App","Will is a software engineer based in San Francisco, who co-founded Tandem, an app to help people stay on top of their medications. They carried out some research and considered it was a great business idea. But, after launching, they discovered retention was really difficult and decided not to continue.","Will Sun","United States","Health","2016","2016","nan","$0","No Market Need"
"Shipitwise","ShipItWise was a way of booking shipping services. However, the transportation companies involved weren’t eager on jumping on this new technology.","Aleksander Gansen, Anna Medjanskaja, Olari Miiter, Ragmar Saksing & Sander Gansen","Estonia","Transportation","2016","2019","1-10","< $1M","No Market Need"
"Hawthorne Strategies","Michael Hawthorne Jr. was the founder of Atlanta-based consulting agency Hawthorne Strategies LLC. The agency worked with NFL Players to develop their philanthropic foundations and awareness campaigns to address community issues that they cared about. Read on to know how overwhelm, overwork, and failing to scale led the potentially-profitable business to the ground.","Michael Hawthorne","United States","Entertainment","2013","2013","nan","$0","Lack of Funds"
"Mongoose Cricket","In 2009, Thomas Evans began working alongside Marcus, the creator of a radical new cricket bat named the Mongoose. After spending over $130,000 on glitzy marketing, and failing to break through the heavily traditional cricket market, they were forced to shut down.","Thomas Evans","United Kingdom","e-Commerce","2009","2011","nan","$100K-$500K","Bad Marketing"
"Sport Draftr","Will created Sport Draftr, a Daily Fantasy Sports site in the UK, offering leagues in the English Premier League, and UEFA Champions League. The product was loved, looked great, and it worked well, but due to a lack of knowledge in the gambling industry and changes in legislation, they were forced to close the company.","Will Laurenson","United Kingdom","Entertainment","2015","2017","nan","$0","Legal Challenges"
"Tandem","Tandem was a live streaming platform for fitness. Cause of failure? Live fitness isn't that engaging. Influencers were reluctant to adopt a new platform.","Nick Raushenbush","United States","Health","2016","2016","nan","$0","Bad Market Fit"
"VO2 Sportswear","After realizing no triathlon clothing brand was properly catering to the market from a design point of view, Matthew decided to do it himself and started VO2 Sportwear. Through social media, sponsorships, and SEO, the business made £250k its third year, but then failed to manage their cash flow and had to shut down.","Matthew Tomkin","United Kingdom","e-Commerce","2012","2016","nan","< $100K","Lack of Funds"
"Beepi","Beepi was a marketplace for used cars. They ran out of cash to operate and tried to sell to potential buyers, but didn't achieve to close the operation.","Ale Resnik, Owen Savir","United States","Transportation","2013","2016","100-250","> $50M","Mismanagement of Funds"
"HiGear","HiGear was a peer-to-peer online company that listed luxury cars for rent. A criminal gang stole four cars worth $400k. They opted to shut down operations.","Ali Moiz, Murtaza Hussain","United States","Transportation","2011","2011","1-10","$1M-$10M","Legal Challenges"
"Karhoo","Karhoo was a cab aggregator. It was out of business after 6 months of operation. Poor management and bad execution of a good concept were the main causes.","Daniel Ishag","United Kingdom","Transportation","2014","2016","50-100","$10M-$50M","Poor Product"
"Leap Transit","Leap Transit was a private bus service based in San Francisco. They didn't comply with the SF regulations, which made them halt their operations.","Kyle Kirchhoff","United States","Transportation","2013","2015","50-100","$1M-$10M","Legal Challenges"
"Navdy","Navdy provided a display that projected GPS in the cars' front. They failed due to a saturated market and a device that didn't satisfy customer needs.","Doug Simpson, Karl Guttag","United States","Transportation","2013","2018","50-100","$10M-$50M","Multiple Reasons"
"Shipitwise","ShipItWise was a way of booking shipping services. However, the transportation companies involved weren’t eager on jumping on this new technology.","Aleksander Gansen, Anna Medjanskaja, Olari Miiter, Ragmar Saksing & Sander Gansen","Estonia","Transportation","2016","2019","1-10","< $1M","No Market Need"
"Shuddle","Shuddle was the go-to service for parents that needed someone to drive their kids to school. Parents found it disappointing, so they had to shut down.","Nick Allen, Rodrigo Prudencio","United States","Transportation","2014","2016","10-50","$10M-$50M","Lack of Funds"
"Shyp","Shyp imitated the Uber model with an on-demand shipping service. However, they were unable to figure out a profitable business model and had to shut down.","Jack Smith, Joshua Scott, Kevin Gibbon","United States","Transportation","2013","2018","10-50","> $50M","Multiple Reasons"
"Sidecar","Sidecar was a transportation company. They had top-notch technology but no marketing strategy, and could only become useful in high-density cities.","Jahan Khanna, Sunil Paul","United States","Transportation","2011","2015","50-100","$10M-$50M","Competition"
"Skully","Skully was a helmet targetting motorcycle riders. They had to close shops due to no fundings and couldn't complete the production of the pre-orders.","Marcus Weller, Mitch Weller","United States","Transportation","2013","2016","10-50","$10M-$50M","Mismanagement of Funds"
"Stratolaunch","Stratolaunch aimed to launch orbital rockets from the stratosphere. Paul Allen’s passing away in October of 2018 spell out the same fate for Stratolaunch.","Paul Allen","United States","Transportation","2010","2019","500-1,000","$0","Lack of Focus"
"WOW Air","WOW Air was the Icelandic answer to RyanAir for low-cost air travel in Europe. The cause of failure was that they wanted to become too big too fast.","Skuli Mogensen","Iceland","Transportation","2011","2019","50-100","No Data","Multiple Reasons"
"Zoomo","Zoomo's goal was to build trust in the Indian used cars market. The buy-and-sell vehicle market was relatively young in India and decided to shut down.","Arnav Kumar, Himangshu Hazarika","India","Transportation","2014","2016","10-50","$1M-$10M","Bad Business Model"
"Autto.in","Autto.in was an on-demand doorstep car service provider, created by Deepak in 2017. Soon after launching, a co-founder joined him and they started marketing the startup, spending a lot of money in customer acquisition. As money burnt, they decided to reach investors, who put them pressure in growing fast. After some months, they decided to shut down.","Deepak Murthy","India","Transportation","2017","2017","nan","< $100K","Lack of Funds"
"Lieferoo","In 2014, Aazar, a Pakistani entrepreneur, decided to create an Uber for logistics and awkward items trying to solve a problem he and many other people were having: Bringing items from Pakistan to Germany. He soon validated the idea and built the product. But a combination of bad marketing and bad team fit led to their failure.","Aazar Shad","Germany","Transportation","2014","2016","nan","$0","Bad Marketing"
"Mishra Motors","Mishra Motors was to be the premier electric sports bike in India. Time and capital were the causes of its collapse.","Naveen Mishra","India","Transportation","2014","2016","nan","$0","Lack of Funds"
"MotoBox","Simple, WiFi-enabled, OBD-II vehicle data logger and cloud services creating a platform for custom software development, which couldn’t reach customers.","Joe Stech","United States","Transportation","2013","2013","nan","$0","Bad Marketing"
